,Avalia√ß√µes
0,"O espa√ßo √© simples, mas muito bonito. Estava tudo muito limpo. O terra√ßo √© fabuloso e os anfitri√µes foram acolhedores e preocupados em saber se t√≠nhamos tudo o que precis√°vamos. Rela√ß√£o pre√ßo / qualidade, n√£o encontrei melhor em Beja.
"
1,"Nada a apontar.
"
2,"O Sr. Luciano e a Sra. √ârica s√£o ultra prestativos e est√£o sempre prontos para ajudar em qualquer situa√ß√£o. Muito bem localizado, perto de um Pingo Doce. Ficamos duas vezes, com intervalo de uma semana. Da primeira vez fizemos a sugest√£o de troca do modelo da torneira da cozinha, que estava funcionando perfeitamente e tivemos a grata surpresa de encontrar uma torneira do modelo sugerido por n√≥s. Recomendamos! √ìtimo custo/benef√≠cio. 
"
3,"As almofadas muito altasüòÖ
"
4,"Limpeza, decora√ß√£o, localiza√ß√£o.
"
5,"Achei o valor um pouco alto, para alojamento de um casal
"
6,"otima localiza√ß√£o, alojamento impec√°vel
"
7,"A √∫nica coisa menos agrad√°vel foi a cama que √© um pouco pequena
"
8,"Localiza√ß√£o muito boa, cozinha muito bem equipada, com tudo o que √© necess√°rio e muito mais. Limpeza impec√°vel em toda a habita√ß√£o. Tudo 5 estrelas.
"
9,"Gostamos de tudo !
"
10,"O apartamento √© muito moderno.Super limpo, super bem decorado. Tinha tudo para cozinhar.Estava bem localizado na cidade, com um supermercado em frente.  O terra√ßo al√©m de ser super grande, estava tamb√©m super bem decorado. A cama era super confort√°vel !
"
11,"Sem nada a reclamar
"
12,"No Geral TUDO
1¬∞ A simpatia e a preocupa√ß√£o do bem servir desde o primeira minuto
2¬∞ Dois excelentes quartos cada um com a sua magn√≠fica TV
3‚Ä¢ Uma cozinha completamente equipada  
4¬∞ WC muito bom e com bastante espa√ßo
5¬∞ Um terra√ßo muito bem composto com mesa para aproveitar a brisa da noite ao jantar.
6¬∞ A limpeza do melhor 
7¬∞ Simplesmente TOP
8¬∞ RECOMENDO
9¬∞ RECOMENDO
"
13,"falta uma sala para podermos conversar sem ser na varanda
"
14,"localiza√ß√£o excelente
"
15,"Atendimento e instala√ß√µes excelentes

"
16,"Tudo
 
"
